{
  "model_name": "wellness_user_rf",
  "samples": 485,
  "at_risk_samples": 139,
  "not_at_risk_samples": 346,
  "feature_names": [
    "sleep_duration",
    "academic_pressure",
    "financial_stress",
    "study_motivation",
    "concentration_difficulty",
    "energy_level",
    "morning_mood",
    "emotional_low",
    "anxiety_level",
    "social_support"
  ],
  "cv_f1_scores": [
    0.6545,
    0.7419,
    0.7077,
    0.6429,
    0.8214
  ],
  "cv_f1_mean": 0.7137,
  "cv_f1_std": 0.0647,
  "train_accuracy": 0.9237,
  "classification_report": {
    "Not at risk": {
      "precision": 0.9753846153846154,
      "recall": 0.9161849710982659,
      "f1-score": 0.9448584202682563,
      "support": 346.0
    },
    "At risk": {
      "precision": 0.81875,
      "recall": 0.9424460431654677,
      "f1-score": 0.8762541806020067,
      "support": 139.0
    },
    "accuracy": 0.9237113402061856,
    "macro avg": {
      "precision": 0.8970673076923077,
      "recall": 0.9293155071318668,
      "f1-score": 0.9105563004351315,
      "support": 485.0
    },
    "weighted avg": {
      "precision": 0.9304934575733544,
      "recall": 0.9237113402061856,
      "f1-score": 0.9251965866319496,
      "support": 485.0
    }
  }
}